JOB_TITLE,COMPANY,VACANCY,AGE,GENDER,LOCATION,EMPLOYEMENT_STATUS,SALARY,JOB_DESCRIPTION,EDUCATION_REQUIREMENTS,EXPERIENCE,EXPERIENCE_REQUIREMENTS,ADDITIONAL_REQUIREMENTS,BENEFITS,PUBLISHED_DATE,DEADLINE
Assistant Engineer (Sale & Services),E-Medical Solution Limited ,Not specific,None,None,"Sylhet, Sylhet (Sylhet Sadar)",Full-time,Negotiable,"E-Medical Solution is looking for software support engineers, Candidates who love to travel and meet with different people at different places all over Bangladesh are requested to apply for the position. Frequently, visit our clients at anywhere in Bangladesh Network and Software Setup. Market visit, client hunt, creating market opportunity. Development new clients and maintain good relationship with existing clients. Build a strong relationship with the clients. Provide training to our clients to operate the software. Provide remote customer support. Day to day report to the office on client satisfaction label. ",Diploma in Computer Science or Bachelor of Science (BSc) in CSE. Applicants from other educational background can also apply if you have at least six months training on any computer application with good IT sense. ,1 to 2 year(s),1 to 2 year(s) ,"1 to 2 years experience will be an advantage. Minimum written and spoken English is required Must be proactive, energetic and determined to meet the deadline Open to learning new technologies. ",Yearly two festival bonus. Weekly 1 holiday (Friday) Launch: Full Subsidized Salary Review: Yearly Nice Generous and Helpful Environment to Prepare yourself to lead the world Nice arrangement for Namaz in congregation and Taleem. ,25 Jul 2020,24 Aug 2020
Senior .NET Developer,Dcastalia Limited ,02,None,None,Dhaka,Full-time,Tk. 110000 - 140000 (Monthly),"Communicate with the product manager to understand and discuss development goals. Communicate with top level product decision makers to understand the future direction. Analyze requirements and understand the deliverables. Review and understand the existing codebase. Collaborate with team members and share project specific knowledge. Actively contribute to the overall process of product development. Need to possess the mentality of owning the product. Need to be self motivated and eager to find a solution before asking for help. A desire to mentor junior team members in requisite skills through pair programming, code review and training. ",Bachelor of Science (BSc) in Computer Science ,At least 5 year(s),At least 5 year(s) ,"Need to be able to think how business requirements can be transformed into functional software. Need to be good at problem solving and finding solutions to fit new requirements into existing software. Must have strong knowledge and understanding of C# programming language. Must be good at the overall .NET ecosystem (ASP.NET MVC, ASP.NET Core, Entity Framework, etc.) Must be good at working with relational databases, especially with Microsoft SQL Server. Must have excellent knowledge and experience in designing APIs to support the various client applications. Need to understand or willing to learn hosting ASP.NET applications on regular and cloud hosting as per project needs. A strong understanding of Agile development methodologies, including the ability to break a large piece of work into small, independently-deployable units. A DevOps mindset, including experience or interest in learning configuration as code, continuous delivery and test automation. A strong understanding of design patterns, specifically GoF patterns and Inversion of Control. Must be excellent in spoken and written English. As a developer of a distributed team you need to communicate with other teammates on a daily basis. Easy going and friendly teammate. Eager to help teammates to solve problems. Compassionate to other members of the team. Contribute in building a happy team for long term work. ",None,25 Jul 2020,10 Aug 2020
"Assistant Manager, IT Operation, DR Site",SSL Wireless ,Not specific,None,None,Jashore,Full-time,Negotiable,"Lead DR NOC team and manage IT infrastructure operations, operational tasks, process and procedures. Define and deliver continuous improvement in operational process, including but not limited to service level, capacity, availability and service continuity. Proactively monitor, evaluate, troubleshoot and mitigate risks and malfunctions in infrastructure, applications and services with close attention to ensure capacity, health and performance. Proactively monitor physical infrastructure components to ensure health and mitigate malfunction. Problem troubleshooting activities for any reported issues. Closely work with core infrastructure team to resolve system issues and maintain up-time of infrastructure. Participate in DR activation. Maintain documentation of incidents and responses. ",Bachelor of Science (BSc) in CSE ,4 to 5 year(s),4 to 5 year(s) The applicants should have experience in the following business area(s):IT Enabled Service ,"Managerial Skills Vendor Certifications Solid understanding on IT terminologies, technologies and concepts. Practical experience on infrastructure operation or deployment in a reputed organization having medium or large infrastructure. Having knowledge on data center components, physical infrastructure and electrical system will get advantage Strong communication skills Incumbent from Jashore  will be preferred. ","Mobile bill, Medical allowance, Profit share Salary Review: Yearly Festival Bonus: 2 Annual Leave Encashment. ",25 Jul 2020,24 Aug 2020
Head of IT,Asian University for Women ,Not specific,None,None,Chattogram,Full-time,None,"Unit:	IT Reports to:	The University Registrar Direct Reports:	As per office structure Position Outline: The Head of IT is responsible for the management and administration of the IT department. S/he should be a highly organized, motivated and results oriented self-starter, with strong operations and management skills, who works effectively as a team player, and who gets actively involved in day-to-day IT operations. Position Particulars Building up a strong IT team of the highest integrity: Developing an effective IT team to solve critical IT problems with outstanding performance and interpersonal skill Guiding IT staff to organize and accomplish their daily assignments Supervising the IT staff to manage and overcome the work load systematically Ensuring an effective IT teamwork Working closely with the IT staff so that they understand and value each other's job importance Technical support and maintaining database: Overseeing the University website, domain control panel and hosting panel server including administration Understanding LAN/WAN equipment's like Router, Switch and Server for proper Installation, Maintenance & Troubleshooting. Implementing and maintaining database security Establishing and maintaining sound backup and data recovery policies and procedures. Providing all technical support and troubleshooting activities related to Software Desktop, Laptop, Mac, Network printers, Scanners, CCTV cameras, Access Control Devices, Multimedia Projectors and UPS/IPS etc. Organizing advanced schedule of IT related tasks on priority basis Communication with management and other departments on IT issues Communicating with local and expat staff members for all types of IT related matters Updating the management with new information technologies implemented in the organization Advising the management of new projects which is beneficial for the University and cost effective as well Discussing and implementing day to day IT requirements of different departments Discussing and solving critical problems of management regarding IT issues Solving IT related problems of local and expat faculty who are at the station or working outside the campus Communicating with local and foreign suppliers for different devices implementation, troubleshooting and purchases Information Technology and its implementation: Identifying cost effective IT solutions Developing thyself to implement new and latest technology for the interest of AUW Upgrading software and hardware equipment Developing overall technology of the University for the betterment and smooth operations IT servers and central networking devices: Handling existing network configuration, networking equipment, servers and workstations Designing, negotiating, purchasing and implementing a complete network system for AUW as required Implementing, maintaining and troubleshooting of servers and equipment related to networking Designing the network to be connected to the central servers and feature upgrading Monitoring and customizing the servers for better performance and smooth operations without any downtime Monitoring daily, weekly and monthly backups done in different location for disaster recovery Monitoring all buildings in AUW facilities and ensuring all are connected to the central network system Updating servers, routers and networking equipment related to software and hardware Monitoring the load tolerance of servers and devices ","Master's Degree in Information Technology, or in a related field preferred. ",None,None,"Substantial experience in Information Technology, preferably in a multicultural and multinational environment; experience of working in an University would be an advantage Experience in supervising and managing a team of professional IT staff Effective skill in IT support service, IT system management and interpersonal communication Highly developed, demonstrated teamwork skill Demonstrated ability to increase productivity of the team members and to continuously improve methods, approaches, and developmental contribution in a cost-effective way ",Professional & multicultural working environment Attractive compensation package Comprehensive Group Insurance Other benefits as per AUW HR policy ,25 Jul 2020,7 Aug 2020
Executive/ Sr. Executive - Sales & Marketing,And IT ,3,None,Only males are allowed to apply,Khulna (Khulna Sadar),Full-time,Negotiable,"JOB LOCATION: KHULNA CITY ONLY. NO NEED TO APPLY THOSE CANDIDATES WHO DON`T WANT TO WORK IN KHULNA. We are looking for hiring an experienced Sales Executive/Sr. Sales Executive to help drive company sales. In this position, you will be involved in developing sales & marketing strategies, implementing sales & marketing plans, maintaining customer relations, and creating sales reports and develop marketing area. Achieving monthly, quarterly and annual sales target. To maintain relationship with the existing and new customers. Execute the company sales activities, plans and procedures. Submit market data and management report on time. Responsible to submit daily, weekly, monthly sales report to immediate supervisor. Organizing regular field visits to prospective clients, demonstrating and presenting our work and establishing new businesses & products. Promote the product offering to the target customers. Answering queries of customers, providing advice & introducing our products to clients. Contributing to the development of marketing strategies. Working with the field marketing team to develop targeted sales strategies. Tracking sales data to ensure the company meets sales quotas. Collecting data from field for product and business development. Explore new markets to contribute in sales increase. Take effective regular sales visits to Different Potential customer To ensure maximum profitability of company. ",Bachelor degree in any discipline ,At least 2 year(s),At least 2 year(s) ,Only males are allowed to apply The applicants should have experience in the following business area(s): IT related and Tour Travels ,"T/A, Mobile bill, Tour allowance Salary Review: Yearly Festival Bonus: 2 Transport facilities/ TA, tour & others benefit is waiting. Career growth. Corporate mobile connection ",25 Jul 2020,24 Aug 2020
Programmer (Python),Crystal Technology Bangladesh Ltd. ,Not specific,Age at least 22 years,Both males and females are allowed to apply,Dhaka,Full-time,Negotiable,"Crystal Technology Bangladesh Ltd. (www.ctechbd.com) is an ICT organization, primarily dedicated to the development and implementation of software for several years locally and globally. Currently, we are working in the health sector automation all over Bangladesh. It is an ISO 9001:2015 Certified Company. CMMI-3 accredited. Working with Restful Api Development. Knowledge of working with git. Nice to have experience working with PostgreSQL. Odoo experience will be preferable. Test and debug programs. Coordinate with internal teams to understand user requirements and provide technical solutions. Write effective, scalable code. Develop back-end components to improve responsiveness and overall performance. Test and debug programs. Improve the functionality of existing systems. Coordinate with internal teams to understand user requirements and provide technical solutions. Implement security and data protection solutions. ",Bachelor of Science (BSc) in Computer Science  Engineering Skills Required: Agile methodology ,At least 3 year(s),"At least 3 year(s) The applicants should have experience in the following area(s):django, odoo, Programmer/ Software Engineer, Python 2 The applicants should have experience in the following business area(s):Software Company ","Age at least 22 years Both males and females are allowed to apply At least 2/3 year work experience as a Python Developer. Expertise in at-least one popular Python framework (like Django, Flask or Pyramid). Knowledge of object-relational mapping (ORM). Familiarity with front-end technologies (like JavaScript and HTML5). Team spirit. Sound knowledge in problem-solving ","T/A, Mobile bill Salary Review: Yearly Festival Bonus: 2 Yearly increment based on performance. Tea/Snacks. Conveyance, Mobile bill. Good working environment. Other benefits as per company policy. ",25 Jul 2020,15 Aug 2020
SQL Data Analyst,Dot Com Systems Ltd. ,02,None,Both males and females are allowed to apply,Dhaka (Banglamotor),Full-time,Negotiable,"Looking For : SQL Data Analyst For a Major US Software Company (Offshore) You will be part of a data team, a high performing agile team. We migrate automotive dealerships from their legacy solutions to our cloud-based solutions. Work involves mapping hundreds of text files with thousands of columns to applicable target tables and columns. Testing your own work to the nth details is what makes our work error-free. We are also a tier II technical team that helps support research and troubleshoot data issues. The current large project includes multiple competitors' solutions migration: 1. Mapping and documentation 2. writing data extraction, transformation, and loading 3. Testing and validation Witting and troubleshooting Stored Procedures. Writing Reports using Microsoft SQL Server Reporting Services (SSRS) What makes you a good candidate 1. You have solid SQL knowledge 2. You are self-motivated and lifetime learner looking to research, explore, and develop new skills and knowledge. 3. You adhere to timelines and you communicate all things early and often ",Bachelor of Science (BSc) in CSE Skills Required: Communication skill ,At least 3 year(s),At least 3 year(s) The applicants should have experience in the following area(s):SQL ,"Both males and females are allowed to apply Expert MS Excel experience - Must complete an excel test before Expert SQL knowledge. Must pass a SQL test before. Solid skills in data extraction and transformation with Database Strong skills in data exploration, analysis Development skills in programming languages such as PowerShell, C# are plus. Good written and verbal communication skills. Ability to communicate the results of your work in meaningful ways Experience with BI and data visualization tools is a major plus Strong analytical and troubleshooting skills ","Weekly 2 holidays, Over time allowance ",25 Jul 2020,31 Jul 2020
Programmer Back end Python,Intense Ltd ,02,Age at least 26 years,Both males and females are allowed to apply,Dhaka,Full-time,Tk. 25000 - 40000 (Monthly),"We are looking for an experienced Back-end developer to join our IT team. You will be responsible for the server side of our web applications. If you have excellent programming skills and a passion for developing applications or improving existing ones, we would like to meet you. As a Back-end developer, you`ll work closely with our engineers to ensure system consistency and improve user experience. Ultimately, you should be able to develop and maintain functional and stable web applications to meet our company`s needs. Participate in the entire application lifecycle, focusing on coding and debugging. Write clean code to develop functional web applications. Troubleshoot and debug exiting applications to fix bugs and performance problem. Manage cutting-edge technologies to improve legacy applications Collaborate with Front-end developers to integrate user-facing elements with server-side logic. Gather and address technical and design requirements. Liaise with developers, designers and system administrators to identify new features. Creating servers and databases for functionality. Designing and developing APIs. Technical support to Live environment. Research on emerging technologies and trends. Unit-test code for robustness, including edge cases, usability, and general reliability ","Bachelor of Science (BSc) Skills Required: CSS, Django Web Framework, flask, JavaScript, REST API development experience ",At least 5 year(s),At least 5 year(s) The applicants should have experience in the following area(s):Python Programmer ,Age at least 26 years Both males and females are allowed to apply ,Over time allowance Lunch Facilities: Full Subsidize Salary Review: Yearly Festival Bonus: 2 ,25 Jul 2020,22 Aug 2020
Junior Executive (HR & Admin),And IT ,2,None,None,Khulna,Full-time,Negotiable,"JOB LOCATION: KHULNA CITY ONLY. NO NEED TO APPLY THOSE CANDIDATES WHO DON`T WANT TO WORK IN KHULNA. Work independently and act accordingly in order to implements the company rules strictly Motivate employees and maintain good relation between employees and management. Ensure legal compliance of policies and procedures, termination, dismissal Compensation, disciplinary action etc. and maintain all legal documents. Organizing and Maintaining Personal Files of all employees and verifying all documents in relation with joining employees. Employee database management Report daily progress to reporting designated person Monitor leave, attendance (access/ exit control of all the employees.) and report to assigned person. Ensure proper practice HR management and development (including recruitment and selection policy/practices, discipline, grievance, counselling, pay and conditions, contracts, training and development, planning, moral and motivation, culture and attitude development and quality management issues). Able to run HR software Co-ordinate all kinds of administrative work. Any other work as per requirement of the organization. ",Bachelor degree in any discipline Any degree in HRM will get priority ,1 to 2 year(s),1 to 2 year(s) ,None,"T/A, Mobile bill, Tour allowance Salary Review: Yearly Festival Bonus: 2 Career growth. Corporate mobile connection ",25 Jul 2020,24 Aug 2020
Node.js Backend Developer,And IT ,2,None,None,Khulna (Khulna Sadar),Full-time,Negotiable,"JOB LOCATION: KHULNA CITY ONLY. NO NEED TO APPLY THOSE CANDIDATES WHO DON`T WANT TO WORK IN KHULNA. We're looking for a Node.js developer to join our core team. Responsibilities include developing back end API using the node.js for MongoDB and firebase database. Writing an API for connecting the different platform to our software Transform complex customer requirements into working, maintainable enterprise-level solutions. Develop PoC (Proof of Concept)/MVP quickly. Optimize performance, adopt best practices and ensure security and quality ","Bachelor of Science (BSc) Skills Required: Express JS, Node.js ",4 to 5 year(s),"4 to 5 year(s) The applicants should have experience in the following area(s):Express JS, Firebase, JavaScript, MongoDB, Node.js ","Working knowledge of API's and Dynamics Experience in MongoDB/NoSQL is a plus Proficiency in Git is important Understand the core values of Agile, especially iterative/adaptive development Good communication skill is importan ","T/A, Mobile bill, Tour allowance Salary Review: Yearly Festival Bonus: 2 Transport facilities/ TA, tour & others benefit is waiting. Career growth. Corporate mobile connection ",25 Jul 2020,24 Aug 2020
Team Lead - Web,BNG Advanced Software Solution Ltd. ,1,Age 22 to 35 years,Only males are allowed to apply,Dhaka (Gulshan),Full-time,Tk. 40000 - 60000 (Monthly),"- Leading the tech. team - Managing Project Deliveries - Meeting Deadlines - End to End Project Management 4+ years of active Mobile Development experience Relevant IT Degree / Diploma - Experience in iOS Native/Web/Android, specific asynchronous processing techniques and using auto and adaptive layout for universal apps with differing screen sizes - Experience with Android, Appium and using user experience design principles are highly advantageous - Experience with managing team of 3+ Developers ","Bachelor in Engineering (BEngg) in CSE, Bachelor of Computer Application (BCA) in CSE Bangladesh University of Engineering and Technology,Dhaka University of Engineering and Technology,Rajshahi University of Engineering and Technology,BRAC University,Jahangirnagar University students will get preference ",4 to 6 year(s),"4 to 6 year(s) The applicants should have experience in the following area(s): Programmer Software Engineer, Android application development, iOS Application Development, Programmer/ Software Engineer, Project Management The applicants should have experience in the following business area(s):Software Company ",Age 22 to 35 years Only males are allowed to apply ,"Mobile bill, Performance bonus, Weekly 2 holidays Salary Review: Yearly Festival Bonus: 1 - Full Startup Experience - Support from top management ",25 Jul 2020,22 Aug 2020
SEO Specialist cum Content Writer,Eicra Soft Ltd. ,02,None,Both males and females are allowed to apply,Dhaka,Full-time,Negotiable,"Search Engine Optimization (SEO) Social Networking (Facebook, YouTube, instragram, twitter, pinterest) Content Writing (Bangla & English) Graphics Design (Photoshop, Illustrator) Digital Marketing You tubing Presentation (Social Media) After the editorial check, post them on the wordpress blog. Assist with special projects as they arise. This will include the launch of a offers, sales & promotions. Video Editing. YouTube marketing. Plan, develop and implement our SEO strategy Work towards organic search optimization and ROI maximization Regularly perform thorough keywords research Identify key SEO KPIs Monitor redirects, click rate, bounce rate, and other KPIs Prepare and present reports regularly Identify our buyer persona to better target identified audiences Identify problems and deficiency and implement solutions in a timely manner Suggest improvements for process and productivity optimization Work with web developers and marketing teams to properly implement SEO best practices Stay up to date with the latest SEO and digital marketing latest trends and best practices Keep pace with SEO, search engine, social media and internet marketing industry trends and develop Communication to clients, team, and management on strategy/project development, timelines, and results. Develop link building strategy for the projects. Monitor the targeted keywords and ensure the growth. Research ideas and facts depending on the type of content/topic assigned or given keyword. Write fresh and unique content based on research by following instructions provided for each type of article/content. Able to deliver high-quality articles with technical details. Prepare html mock ups for application development. An in-depth understanding of PPC, Google AdWords, Google Analytics & Webmaster Tools. Support for existing clients to solve all technical problem. Develop ideas derived from online/offline research and organize the same on paper or computer applications. Proofread content for errors or additions and ensure that content is written per instructions. Manage user-generated content on social media sites. Rewrite, paraphrase or write content from scratch depending on specific instructions. provided by the project manager. Debug-Trace-Fix application UI flaws/bugs. Help to create and support marketing content to socialize and use for social media purposes (e.g. customer videos briefs, customer case studies, blog posts, posts from analysts and customers). Implement search engine optimization recommendations. ","CS and IT Graduates/  Diploma will be more preferred. IELTS or TOEFL will add extra values. Excellent English and IT knowledge will get most priority. Educational Qualification can be relaxed for deserving candidates. Skills Required: Content writing, Digital Marketing (Social Media Marketing), Search Engine Optimization, SEO, SEO and Digital Marketer, Social Media Marketing, Web Developer/ Web Designer ",2 to 5 year(s),"2 to 5 year(s) The applicants should have experience in the following area(s):Content writing, Create Content, Digital Marketing (Social Media Marketing), Facebook Live Presenter, Search Engine Optimization, SEO, SEO and Digital Marketer, Web Developer/ Web Designer, Web Services The applicants should have experience in the following business area(s):IT Enabled Service, Software Company ",Both males and females are allowed to apply Must have excellent written skills in English and also editing and proofreading abilities. ,"Performance bonus, Over time allowance Festival Bonus: 2 ",24 Jul 2020,23 Aug 2020
Software Development Lead,Enosis Solutions ,02,None,None,Dhaka (Gulshan),Full-time,Negotiable,"Lead a team of software Engineers in the creation of high quality software within agreed project deadlines Analyze the requirements and understand the deliverables Design, code, test and implement according to software design specifications following standard coding styles and practices Ensure that development standards, policies and procedures are adhered to Collaborate with team members and ensure knowledge transfer Work closely with mentors, peers, and subordinates to fully understand the business process and requirements Ensure that projects are accurately estimated and delivered to schedule Actively contribute to the process of continual improvement, with regard to self, team and systems Assume a high level of ownership of all work developed by members of the team Train and integrate new team members and proactively support the continued development of existing team members ",B.Sc or M.Sc in Computer Science/Engineering or equivalent ,At least 4 year(s),At least 4 year(s) ,"Proven experience of leading a team of software Engineers including performance, development, and disciplinary issues. Must have strong knowledge of any major programming language, like C/C++, C#, Java, PHP, Python, Ruby, JavaScript, etc. Must be familiar with any relational database, like Microsoft SQL Server, MySQL, Oracle, etc. Must have good knowledge of object oriented software development Must have strong communication skills in English, both written and spoken Must have very strong analysis and synthesis skills Must be able to learn new technologies, tools, and techniques quickly and with minimal supervision Must be proactive and able to execute tasks efficiently ",None,24 Jul 2020,23 Aug 2020
Software Engineer (ReactJS),mPower Social Enterprises Ltd. ,1,None,None,Dhaka (Banani),Full-time,Negotiable,"Duty Station: Head Office in Banani, Dhaka with occasional field visits as per project needs. Job Description:We are looking for a highly motivated self-starter with excellent communication skills, and the ability to successfully interact with team members and project managers on a daily basis. This person will participate in the design, development, and support of our solutions. Write reusable code for expressive and innovative UI/UX. Introduce new solutions and optimize the current ones. Unit testing and bug fixing. Analyze, design and develop dynamic Web Application based on project needs. Meet tight deadlines. Communicating with all the stack-holders of the project life-cycle ",B.Sc in Computer Science & Engineering from a reputed university. ,3 to 4 year(s),3 to 4 year(s) ,"3-4 years of experience in related field. Solid Experience with Javascript concepts including concepts like asynchronous programming, closures, types and ES6. Experience in developing high quality ReactJS web apps. Solid understanding on concepts like ReactJS life-cycle, hooks etc. Experience with writing reusable React components and know how to layout with CSS. Experience with state management libraries (preferably Redux). Familiarity with Ducks pattern. Experience of using development tools like nvm, npm/yarn, webpack, Babel. Experience of working with Git on projects with medium to large periphery. Experience with Consumption of RESTful API is a plus. Experience with NodeJS and Typescript is a plus. Experience with linting libraries like ESLint is a plus. Experience with unit testing libraries like Jest, enzyme is a plus. Experience with CSS preprocessor like Sass is a plus. Experience with RDBMS (PostgreSQL/SQLite) is a plus. Additional Job Requirements: Excellent analytical skill Understanding the concepts of object-oriented software development and technologies. Familiarity with functional programming. Strong understanding of software development life cycle Strong programming and problem-solving skills Hard working and good communication skills with willingness to learn latest techniques easily & quickly Ability to work individually and independently with minimal supervision Does not take work as pressure but enjoys challenges. Must be Flexible, Good Team player and Friendly Behavior. ",In-house catering service for lunch & snacks. Income tax paid by the company. Two festival bonuses. ,23 Jul 2020,4 Aug 2020
Project Manager,mPower Social Enterprises Ltd. ,1,None,None,Dhaka (Banani),Full-time,Negotiable,"Duty Station: Head Office in Banani, Dhaka with occasional field visits as per project needs. Job Description: mPower Social Enterprises Ltd. mostly deals with clients from Government and Non-Government Organizations. During the project life-cycle, regular monitoring of deliverables from different stakeholders within deadlines is absolutely necessary. We are looking for someone who will take complete ownership of his/her projects from initiation to closure. Stakeholder Management: Earning client's confidence through proper communication and quality delivery within deadlines. Assigning tasks with proper deadlines and in an effective manner with a clear concept of what needs to be done. Regular communication with functional teams regarding the progress of assigned tasks. Raising flags for potential delays along with the options for resolution. Project Execution: Assuring proper handover of projects from sales team. Preparing, updating and maintaining roll-out plans, resource allocation plans and budgets regularly. Communicating precise scope of work to different functional teams (Development, SQA, Solution Design, Training, Finance etc.). Completing projects within budget and timeline. Maintaining all project documentation. Review the quality of the work completed with the project team on a regular basis to ensure that it meets the project standards. Preparing Inception Report, Project Learning Document and other project monitoring reports. Assuring adherence to standard processes and raising concerns for any and all deviations. ",Bachelor's degree in Computer Science / ICT related subjects with an MBA (preferred) from a reputed university. ,3 to 4 year(s),3 to 4 year(s) ,"Candidates from different disciplines are welcome to apply if they have previous experience in technology project management. Experience Requirements: 3-4 years of work experience in ICT/Software project management. Prior experience in Government/NGO project management will be treated as an advantage. Additional Job Requirements: Fluency in written and spoken English. Advanced communication skills to do effective and goal-oriented project management. Work cooperatively and effectively with clients and internal teams to set goals, resolve problems, and make decisions that enhance organizational effectiveness. Assess crisis situations to identify causes, gather and process relevant information, generate possible solutions, and make recommendations and/or resolve the problem. Ability to perform logic driven negotiations with project stakeholders. Strong decision-making capabilities based on the available information Keen observation skills with attention towards details to identify different issues of existing projects and coming up with optimal solutions. Proactive problem-solving attitude. Ability to Pick up new skills and processes quickly and rigorously. Managing and working cooperatively with all relevant project stakeholders in a tactful and effective manner to set goals, resolve problems, and make decisions that enhance organizational effectiveness. Proficient in MS Office applications, MS Project, Microsoft Visio, Project Management tools. ",Competitive salary package. In-house catering service for lunch & snacks. Income tax paid by the company. Two festival bonuses. ,23 Jul 2020,22 Aug 2020
Sr. Software Engineer,Solar Electro Bangladesh Ltd. ,2,Age 24 to 35 years,Both males and females are allowed to apply,Dhaka (Gulshan),Full-time,Negotiable,"Develop Business Application according to proper design and architecture The full stack developer will work on NodeJS and React-Redux. So, anyone with solid programming knowledge are welcome to apply. Understand the deliverables by analyzing business requirement and change request and work closely with internal teams Ensure that projects are accurately estimated and delivered to schedule Should Maintain Proper documentation. Optimize application for maximum speed and scalability. Developing POCs/MVPs quickly. Assure the Deadline Implement and deploy different third-party APIs like Facebook API, Google API, Ajax Libraries APIs, SMS integration, Jason APIs. Ability to work full cycle development both independently and in a team. ","Bachelor of Science (BSc) in CSE, Master of Science (MSc) in CSE Skills Required: JavaScript, Node.js, react.js ",3 to 4 year(s),"3 to 4 year(s) The applicants should have experience in the following area(s):Ecommerce is preferable, IT System Management The applicants should have experience in the following business area(s):E-commerce, IT Enabled Service ","Age 24 to 35 years Both males and females are allowed to apply Proficiency in data storage solutions including both SQL (e.g. MySQL, Postgres) and NoSQL databases (e.g. MongoDB, Couchbase). Understanding the nature of asynchronous programming and workarounds using constructs like Promise, Observable, async/await etc. Proficient understanding of code versioning tools, such as Git. Perform DevOps tasks with various CI/CD (e.g. Jenkins) tools Must have problem solving skill & be a quick learner. E-commerce development experience is a plus. ",As Per Company Policy. ,23 Jul 2020,6 Aug 2020
Senior Full Stack Developer,Kaicom Solutions ,Not specific,None,None,Dhaka,Full-time,Tk. 60000 - 90000 (Monthly),"Kaicom Solutions is the leading IT Organization in Japan & Bangladesh founded in 2016. Being an international company with a constant and quest to set higher standards. We are looking for an experienced Senior Full Stack Developer to join our IT team. You will be responsible for the both server & front side of our applications as well as deployment and maintenance. If you have excellent programming skills and a passion for developing applications or improving existing ones, we would like to meet you. As a Senior Full Stack Developer, you`ll work closely with our engineers to ensure system consistency and improve user experience. Ultimately, you should be able to develop and maintain functional and stable web applications to meet our company`s needs. We are looking for a highly skilled developer who is comfortable with both front and back end programming. Will be responsible for developing and designing front end web architecture, ensuring the responsiveness of applications and working alongside graphic designers for web design features, among other duties. Will be required to see out a project from conception to final product, requiring good organizational skills and attention to detail. You will be working with our candid and collaborative team, where your knowledge and advice about application architecture and the newest technologies will be highly appreciated. The code you write will need to be cleanly organized and of the highest quality. You'll also help ensure solid application performance and an excellent user experience. Developing front end website architecture. Designing user interactions on web pages. Developing backend web applications. Creating servers and databases for functionality. Ensuring responsiveness of applications. Working alongside graphic designers for web design features. Seeing through a project from conception to finished product. Designing and developing APIs. Meeting both technical and consumer needs. Staying abreast of developments in web applications and programming languages. Fixing bugs and performance problems of existing applications. Writing clean, readable, and testable code. Research on emerging technologies and trends. Unit-test code for robustness, including edge cases, usability, and general reliability. Participate in the planning and design of future software and technical architectures. ",Graduate in IT or CSE or Software engineer from any Government Recognized University. ,At least 4 year(s),At least 4 year(s) ,"5.5 years and above. 4+ years of extensive knowledge about enterprise application development using Java or any OOP. Proficient with Spring framework. Proficiency with server-side languages such as Java, Python, PHP, NodeJS. Proficiency with fundamental front-end languages such as HTML, CSS and JavaScript. Proficiency with JavaScript frameworks such as React and Angular JS. Familiarity with database technology such as MySQL, Oracle and MongoDB. Experience in Linux servers (Ubuntu, centos). Excellent verbal communication skills. Good problem-solving skills. Familiarity with versioning tool like Git. Experience with Agile methodologies. Should have strong analytical and troubleshooting skills. Ability to think out of the box and be innovative. Passion to explore and keep enhancing your skills. Any knowledge or experience with AI, ML, NLP would be a definite plus. ",Festival Bonus: 2 (Yearly) Weekly 2 holidays Performance Linked Benefit Career Progression Programs ,23 Jul 2020,18 Aug 2020
Senior Executive/ Executive - IT,Eurasia Food Processing (BD) Ltd. ,Not specific,None,None,Dhaka (Ashulia),Full-time,None,"We are looking for a great JavaScript developer who is proficient with React.js and React Native. Your primary focus will be on developing user interface components, implementing those following well-known React.js workflows (such Redux) and develop mobile applications using React Native. You will ensure that these components and the overall application are robust and easy to maintain. You will coordinate with the rest of the team working on different layers of the infrastructure. Therefore, a commitment to collaborative problem solving, sophisticated design, and quality product is important. Job location: Gouripur, Ashulia, Savar, Dhaka Developing new user-facing features using React.js and React Native Building reusable components and front-end libraries for future use Translating designs and wireframes into high quality code Optimizing components for maximum performance across a vast array of web-capable devices and browsers ",Bachelor of Science (B.Sc) in Computer Science & Engineering ,2 to 7 year(s),2 to 7 year(s) ,"Strong proficiency in JavaScript, including DOM manipulation and the JavaScript object model Experience with Node.js Thorough understanding of React.js and its core principles Experience with React Native Experience with React.js workflows (such as Redux) Experience with data structure libraries Familiarity with RESTful APIs Knowledge of isomorphic React is a plus Knowledge of modern authorization mechanisms, such as JSON Web Token Familiarity with modern front-end build pipelines and tools Experience with common front-end development tools such as Babel, Webpack, NPM, etc. Ability to understand business requirements and translate them into technical requirements A knack for benchmarking and optimization Familiarity with Git ",None,23 Jul 2020,22 Aug 2020
Android Developer,BTS Limited ,Not specific,None,Both males and females are allowed to apply,Anywhere in Bangladesh,Full-time,Negotiable,"What you will be responsible for  -	Development and maintenance of applications aimed at a vast number of diverse Android devices. -	Primary focus will be the development of Android applications and their integration with back-end services. -	Working alongside other engineers and developers working on different layers of the infrastructure. -	Commitment to collaborative problem solving, sophisticated design, and creating quality products is essential. -	Proficient in Java and Kotlin. -	Strong knowledge of Android SDK, different versions of Android, and how to deal with different screen sizes -	Familiarity with RESTful APIs to connect Android applications to back-end services -	Strong knowledge of Android UI design principles, patterns, and best practices -	Have good understanding in Data Structures and Algorithms. -	Experience with offline storage, threading, and performance tuning -	Familiarity with the use of additional sensors, such as gyroscopes and accelerometers -	Knowledge of the open-source Android ecosystem and the libraries available for common tasks -	Ability to understand business requirements and translate them into technical requirements -	Familiarity with FCM and push notifications -	A knack for benchmarking and optimization -	Understanding of Google's gifted android design principles and interface guidelines -	Proficient understanding of code versioning tools, such as GIT -	Familiarity with continuous integration. -	Responding promptly and professionally to bug reports. -	Review and repair code. -	Responsible for developing new programs and proofing the program to develop needed changes to assure production of a quality product. -	Tests new programs to ensure that logic and syntax are correct, and that program results are accurate. -	Document code consistently throughout the development process by listing a description of the program, special instructions. -	Strong and effective interpersonal and communication skills. -	Writing easily understandable and modifiable scripts. ",Bachelor in Engineering (BEngg) in Computer Science & Engineering -	Tertiary qualifications in a relevant discipline ,2 to 5 year(s),2 to 5 year(s) ,Both males and females are allowed to apply ,Mobile bill Lunch Facilities: Partially Subsidize Salary Review: Yearly Festival Bonus: 2 ,23 Jul 2020,6 Aug 2020
iOS Developer,BTS Limited ,Not specific,None,Both males and females are allowed to apply,Anywhere in Bangladesh,Full-time,Negotiable,"What you will be responsible for -	Design and build advanced applications for the iOS platform -	Ensure the performance, quality, and responsiveness of applications -	Collaborate with cross-functional teams to define, design, and ship new features. -	Unit-test code for robustness, including edge cases, usability, and general reliability. -	Identify and correct bottlenecks and fix bugs -	Help maintain code quality, organization, and automatization -	Continuously discover, evaluate, and implement new technologies to maximize development efficiency. -	Working experience in iOS development. -	Have published one or more iOS apps in the app store. -	A deep familiarity with Objective-C, Swift and Cocoa Touch. -	Experience working with iOS frameworks such as Core Data, Core Animation, Core Graphics and Core Text. -	Experience with benchmarking and optimization, offline storage, threading, performance and memory tuning (such as Instruments, Shark). -	Experience with third-party libraries and APIs -	Working knowledge of the general mobile landscape, architectures, trends, and emerging technologies. -	Understanding of Apple's design principles and interface guidelines. -	Familiarity with cloud message APIs and push notifications. -	Proficient understanding of code versioning tools (such as Git, Mercurial or SVN). -	Familiarity with continuous integration. -	Solid understanding of the full mobile development life cycle ",Bachelor in Engineering (BEngg) in Computer Science & Engineering -	Tertiary qualifications in a relevant discipline ,2 to 5 year(s),2 to 5 year(s) ,Both males and females are allowed to apply ,Mobile bill Lunch Facilities: Partially Subsidize Salary Review: Yearly Festival Bonus: 2 ,23 Jul 2020,6 Aug 2020
